Rank	Player ID	Player	Team	Position(s)	ADP	Min Pick	Max Pick	Difference	# Picks	Team	Team Pick
1	9775	Acuna Jr., Ronald	ATL	OF	1	1	1		33		
2	10932	Witt Jr., Bobby	KC	SS	2.55	2	4		33		
3	10260	Rodriguez, Julio	SEA	OF	2.91	2	5		33		
4	11025	Carroll, Corbin	ARZ	OF	3.97	2	6		33		
5	8638	Betts, Mookie	LAD	2B, OF	5.21	2	7		33		
6	11300	Strider, Spencer	ATL	P	6.67	3	11		33		
7	9787	Tucker, Kyle	HOU	OF	6.76	4	10		33		
8	9948	Tatis Jr., Fernando	SD	OF	8.24	5	13		33		
9	7793	Freeman, Freddie	LAD	1B	9.61	7	13		33		
10	10030	Soto, Juan	NYY	OF	10.91	6	17		33		
11	9132	Turner, Trea	PHI	SS	12	9	15		33		
12	8956	Judge, Aaron	NYY	OF	12.03	7	17		33		
13	8231	Cole, Gerrit	NYY	P	12.24	9	17		33		
14	9810	Ohtani, Shohei	LAD	UT, P	13.15	7	19		33		
15	8594	Ramirez, Jose	CLE	3B	14.79	9	20		33		
16	7885	Harper, Bryce	PHI	1B	16.52	13	21		33		
17	10367	Alvarez, Yordan	HOU	OF	17.64	13	21		33		
18	8690	Olson, Matt	ATL	1B	17.7	13	25		33		
19	8668	Seager, Corey	TEX	SS	19.73	14	27		33		
20	9821	Riley, Austin	ATL	3B	20.06	17	24		33		
21	11583	De La Cruz, Elly	CIN	3B, SS	22.82	11	33		33		
22	9800	Burnes, Corbin	MLW	P	23.12	19	34		33		
23	9721	Albies, Ozzie	ATL	2B	23.18	19	27		33		
24	9708	Devers, Rafael	BOS	3B	25.06	21	33		33		
25	8235	Wheeler, Zack	PHI	P	25.55	18	33		33		
26	8226	Lindor, Francisco	NYM	SS	25.94	17	38		33		
27	8427	Gausman, Kevin	TOR	P	26.88	19	36		33		
28	9506	Castillo, Luis	SEA	P	29.27	17	38		33		
29	10312	Alonso, Pete	NYM	1B	29.33	24	40		33		
30	8602	Semien, Marcus	TEX	2B	30.82	17	39		33		
31	9785	Guerrero Jr., Vladimir	TOR	1B	32	21	42		33		
32	11065	Harris II, Michael	ATL	OF	33.09	23	40		33		
33	9958	Robert Jr., Luis	CWS	OF	33.33	25	51		33		
34	11108	Henderson, Gunnar	BAL	3B, SS	33.91	26	42		33		
35	10874	Kirby, George	SEA	P	34.15	29	41		33		
36	9876	Lopez, Pablo	MIN	P	35.7	24	46		33		
37	9820	Bichette, Bo	TOR	SS	37.82	27	50		33		
38	8700	Glasnow, Tyler	LAD	P	38.94	31	54		33		
39	9944	Gallen, Zac	ARZ	P	39.55	26	53		33		
40	11045	Abrams, CJ	WAS	SS	39.67	31	58		33		
41	8116	Altuve, Jose	HOU	2B	41.55	31	55		33		
42	10665	Williams, Devin	MLW	P	41.7	33	49		33		
43	9376	Diaz, Edwin	NYM	P	43.18	29	52		33		
44	11883	Yamamoto, Yoshinobu	LAD	P	43.39	32	58		33		
45	9492	Hader, Josh	HOU	P	45.45	33	53		33		
46	10671	Arozarena, Randy	TB	OF	46.85	35	66		33		
47	9964	Garcia, Adolis	TEX	OF	46.94	28	59		33		
48	10711	Skubal, Tarik	DET	P	49.94	40	61		33		
49	10661	Clase, Emmanuel	CLE	P	51.03	43	59		33		
50	8961	Nola, Aaron	PHI	P	51.33	42	67		33		
51	10239	Duran, Jhoan	MIN	P	51.64	44	60		33		
52	9915	Peralta, Freddy	MLW	P	52	36	66		33		
53	10319	Lewis, Royce	MIN	3B	54.03	38	75		33		
54	11105	Doval, Camilo	SF	P	54.18	42	63		33		
55	10704	Rutschman, Adley	BAL	C	54.61	42	71		33		
56	8981	Iglesias, Raisel	ATL	P	56.76	50	67		33		
57	10304	Jones, Nolan	COL	OF	59.67	43	74		33		
58	10083	Valdez, Framber	HOU	P	60	50	69		33		
59	10681	Bednar, David	PIT	P	60.52	50	79		33		
60	10480	Webb, Logan	SF	P	61.33	48	73		33		
61	9649	Bellinger, Cody	CHC	1B, OF	62.3	36	84		33		
62	10302	Hoerner, Nico	CHC	2B, SS	62.88	49	83		33		
63	8704	Fried, Max	ATL	P	63.45	47	75		33		
64	11613	McLain, Matt	CIN	2B, SS	63.61	41	79		33		
65	10712	Gilbert, Logan	SEA	P	64.39	56	84		33		
66	9328	Snell, Blake	SD	P	64.64	51	87		33		
67	11182	Senga, Kodai	NYM	P	65.36	51	73		33		
68	10207	Rodriguez, Grayson	BAL	P	65.45	47	78		33		
69	10518	Romano, Jordan	TOR	P	66.85	53	87		33		
70	11350	Diaz, Alexis	CIN	P	71.91	56	98		33		
71	11073	Miller, Bobby	LAD	P	72.7	62	90		33		
72	7891	Machado, Manny	SD	3B	73.45	54	90		33		
73	8800	Realmuto, J.T.	PHI	C	73.48	58	87		33		
74	10231	Chisholm Jr., Jazz	MIA	OF	74.73	61	100		33		
75	7689	Trout, Mike	LAA	OF	76.39	60	90		33		
76	11591	Perez, Eury	MIA	P	77	64	101		33		
77	10235	Luzardo, Jesus	MIA	P	78.03	64	91		33		
78	10364	Contreras, William	MLW	C	79.27	61	97		33		
79	10254	Lowe, Josh	TB	OF	80.42	53	100		33		
80	9379	Eflin, Zach	TB	P	81.36	70	103		33		
81	9642	Sewald, Paul	ARZ	P	81.55	64	98		33		
82	7903	Yelich, Christian	MLW	OF	81.97	59	99		33		
83	10786	Ryan, Joe	MIN	P	82.36	70	101		33		
84	8126	Goldschmidt, Paul	STL	1B	83.58	69	105		33		
85	10363	Smith, Will	LAD	C	85.03	60	101		33		
86	10305	Cruz, Oneil	PIT	SS	86.67	69	106		33		
87	11099	Bradish, Kyle	BAL	P	87.42	73	117		33		
88	11147	Kim, Ha-Seong	SD	2B, 3B, SS	88.12	71	109		33		
89	9778	Torres, Gleyber	NYY	2B	89.76	77	106		33		
90	10634	Fairbanks, Pete	TB	P	90	72	104		33		
91	10153	Reynolds, Bryan	PIT	OF	93.91	83	108		33		
92	10134	Munoz, Andres	SEA	P	93.97	83	116		33		
93	8924	Walker, Christian	ARZ	1B	94.09	77	116		33		
94	10321	Helsley, Ryan	STL	P	94.36	81	114		33		
95	8940	Schwarber, Kyle	PHI	OF	95.67	64	116		33		
96	9772	Scott, Tanner	MIA	P	98.06	76	115		33		
97	9635	Phillips, Evan	LAD	P	100.91	65	116		33		
98	10477	Steele, Justin	CHC	P	101.12	83	126		33		
99	11086	Stott, Bryson	PHI	2B	103.24	88	126		33		
100	9248	Musgrove, Joe	SD	P	103.67	90	126		33		
101	8223	Arenado, Nolan	STL	3B	104.88	89	134		33		
102	7760	Kimbrel, Craig	BAL	P	105.33	81	125		33		
103	9415	Bregman, Alex	HOU	3B	105.48	91	127		33		
104	10133	Gimenez, Andres	CLE	2B	106.12	91	127		33		
105	11595	Bibee, Tanner	CLE	P	106.73	79	132		33		
106	11559	Diaz, Yainer	HOU	C	107.76	85	126		33		
107	10191	Cease, Dylan	CWS	P	109.27	92	129		33		
108	10166	Ragans, Cole	KC	P	110.39	92	136		33		
109	9764	Buehler, Walker	LAD	P	110.39	84	145		33		
110	8452	Pressly, Ryan	HOU	P	111.15	75	393		33		
111	10355	Casas, Triston	BOS	1B	112.82	89	137		33		
112	8417	Bogaerts, Xander	SD	SS	113.94	96	133		33		
113	10980	Jung, Josh	TEX	3B	114.15	94	139		33		
114	10446	Thomas, Lane	WAS	OF	114.21	94	140		33		
115	11305	Suzuki, Seiya	CHC	OF	114.42	95	128		33		
116	8221	Castellanos, Nick	PHI	OF	114.48	81	139		33		
117	9555	Holmes, Clay	NYY	P	115.21	94	148		33		
118	7931	Jansen, Kenley	BOS	P	116.27	97	143		33		
119	11556	Steer, Spencer	CIN	1B, 3B, OF	116.58	79	151		33		
120	8546	Gray, Sonny	STL	P	118.39	100	147		33		
121	9886	Alzolay, Adbert	CHC	P	121	104	147		33		
122	9112	Marte, Ketel	ARZ	2B	121.52	106	146		33		
123	8433	Springer, George	TOR	OF	121.91	99	137		33		
124	10831	Torkelson, Spencer	DET	1B	123.45	109	139		33		
125	10885	Walker, Jordan	STL	OF	125.42	108	173		33		
126	9432	Swanson, Dansby	CHC	SS	127.45	107	150		33		
127	5420	Verlander, Justin	HOU	P	127.79	92	162		33		
128	10193	Ruiz, Esteury	OAK	OF	128.55	91	175		33		
129	10255	Naylor, Josh	CLE	1B	129.97	111	158		33		
130	11325	Volpe, Anthony	NYY	SS	132.58	113	157		33		
131	11624	Gelof, Zack	OAK	2B	132.79	110	165		33		
132	9894	Estrada, Thairo	SF	2B, SS	135	121	154		33		
133	9639	Diaz, Yandy	TB	1B	135.73	106	170		33		
134	8134	Perez, Salvador	KC	C, 1B	137.12	107	160		33		
135	11753	Carter, Evan	TEX	OF	138.06	111	163		33		
136	7887	Sale, Chris	ATL	P	139.03	122	170		33		
137	10216	Greene, Hunter	CIN	P	139.52	112	199		33		
138	10866	Raleigh, Cal	SEA	C	139.55	107	160		33		
139	8879	Bassitt, Chris	TOR	P	140.48	113	198		33		
140	9263	Contreras, Willson	STL	C	140.97	125	164		33		
141	9646	Montgomery, Jordan	TEX	P	141.82	122	183		33		
142	10289	King, Michael	SD	P	141.82	113	166		33		
143	9428	Hernandez, Teoscar	LAD	OF	142.67	112	191		33		
144	9599	Santander, Anthony	BAL	OF	144.03	115	171		33		
145	10327	Murphy, Sean	ATL	C	144.67	120	175		33		
146	11118	Alvarez, Francisco	NYM	C	147.48	124	173		33		
147	11159	Ober, Bailey	MIN	P	149.7	134	167		33		
148	11738	Chourio, Jackson	MLW	OF	150.21	105	203		33		
149	11117	Moreno, Gabriel	ARZ	C	153.24	131	174		33		
150	10506	Kelly, Merrill	ARZ	P	153.24	131	185		33		
151	8942	Rodon, Carlos	NYY	P	153.39	129	174		33		
152	9655	Happ, Ian	CHC	OF	154.73	137	175		33		
153	10072	Mullins, Cedric	BAL	OF	156.45	129	203		33		
154	11075	O'Hoppe, Logan	LAA	C	156.85	125	172		33		
155	10344	Friedl, TJ	CIN	OF	158.15	129	190		33		
156	11590	Williams, Gavin	CLE	P	158.24	121	201		33		
157	11736	Encarnacion-Strand, Christian	CIN	1B	158.45	110	203		33		
158	10224	Burger, Jake	MIA	3B	159.88	123	192		33		
159	10143	Naylor, Bo	CLE	C	160.52	144	193		33		
160	8331	Soler, Jorge	MIA	OF	160.82	128	184		33		
161	10262	Hayes, Ke'Bryan	PIT	3B	162.24	130	195		33		
162	10481	Arraez, Luis	MIA	2B	162.58	122	205		33		
163	8478	Ozuna, Marcell	ATL	UT	163.52	137	206		33		
164	11881	Langford, Wyatt	TEX	OF	165.06	133	194		33		
165	9799	Keller, Mitch	PIT	P	166.09	139	203		33		
166	10569	Edman, Tommy	STL	2B, SS, OF	166.64	137	195		33		
167	10263	Ruiz, Keibert	WAS	C	166.94	153	187		33		
168	8951	Berrios, Jose	TOR	P	169.06	149	201		33		
169	9570	Pivetta, Nick	BOS	P	169.42	152	200		33		
170	10705	Heim, Jonah	TEX	C	171.42	153	206		33		
171	10419	Marte, Noelvi	CIN	3B	171.45	130	210		33		
172	10125	Bohm, Alec	PHI	1B, 3B	171.58	136	196		33		
173	8658	Story, Trevor	BOS	SS	172.85	111	193		33		
174	10824	Duran, Jarren	BOS	OF	172.88	152	202		33		
175	10007	McCormick, Chas	HOU	OF	172.97	140	198		33		
176	10822	Greene, Riley	DET	OF	175.12	133	204		33		
177	10717	Javier, Cristian	HOU	P	175.3	152	221		33		
178	11415	Pasquantino, Vinnie	KC	1B	176.21	136	198		33		
179	10038	Bieber, Shane	CLE	P	179.27	134	206		33		
180	11435	Brown, Hunter	HOU	P	179.36	147	210		33		
181	11636	Miller, Bryce	SEA	P	180.45	147	225		33		
182	10147	Garrett, Braxton	MIA	P	180.67	165	200		33		
183	9515	Alvarado, Jose	PHI	P	180.79	154	230		33		
184	11800	Woo, Bryan	SEA	P	181.94	149	226		33		
185	8691	Muncy, Max	LAD	3B	182.15	153	217		33		
186	9549	Garver, Mitch	SEA	C	183.21	154	212		33		
187	10218	Paredes, Isaac	TB	1B, 3B	185.15	163	203		33		
188	11629	Yoshida, Masataka	BOS	OF	185.64	160	217		33		
189	11059	Pepiot, Ryan	TB	P	187.42	151	248		33		
190	8971	Adames, Willy	MLW	SS	189.06	166	213		33		
191	9239	Leclerc, Jose	TEX	P	190.58	158	229		33		
192	11043	Campusano, Luis	SD	C	192.12	169	214		33		
193	10331	Baz, Shane	TB	P	192.91	144	246		33		
194	8632	Rodriguez, Eduardo	ARZ	P	192.94	172	213		33		
195	11062	Lange, Alex	DET	P	192.94	119	233		33		
196	11399	Outman, James	LAD	OF	196.3	161	228		33		
197	10303	Gorman, Nolan	STL	2B	197.88	158	250		33		
198	11346	Tovar, Ezequiel	COL	SS	198.91	174	222		33		
199	8955	Nimmo, Brandon	NYM	OF	199.76	164	225		33		
200	8130	Eovaldi, Nathan	TEX	P	200.7	167	222		33		
201	10640	Civale, Aaron	TB	P	200.73	180	238		33		
202	11315	Kwan, Steven	CLE	OF	202.06	164	245		33		
203	11225	Nootbaar, Lars	STL	OF	205.45	171	231		33		
204	11586	Pfaadt, Brandon	ARZ	P	205.52	186	240		33		
205	11884	Imanaga, Shota	CHC	P	206.36	140	241		33		
206	8210	Darvish, Yu	SD	P	209.42	181	236		33		
207	10296	Lowe, Nathaniel	TEX	1B	210.27	178	250		33		
208	9725	Hoskins, Rhys	MLW	1B	210.58	183	237		33		
209	11787	Miller, Mason	OAK	P	211.82	184	274		33		
210	11154	Morel, Christopher	CHC	OF	212.03	193	251		33		
211	10180	Varsho, Daulton	TOR	OF	212.3	186	240		33		
212	8724	Giolito, Lucas	BOS	P	215.64	179	263		33		
213	11592	Julien, Edouard	MIN	2B	216.55	166	247		33		
214	11387	Garcia, Maikel	KC	3B	218.55	183	251		33		
215	9264	Candelario, Jeimer	CIN	1B, 3B	219.42	184	254		33		
216	11309	Pena, Jeremy	HOU	SS	220.52	195	246		33		
217	11530	Carpenter, Kerry	DET	OF	222.88	185	255		33		
218	11751	Holliday, Jackson	BAL	SS	223.58	168	292		33		
219	10230	Kelenic, Jarred	ATL	OF	224.58	197	270		33		
220	7736	Marte, Starling	NYM	OF	224.76	189	259		33		
221	8931	Drury, Brandon	LAA	1B, 2B	224.97	204	266		33		
222	10358	Stephenson, Tyler	CIN	C	227.03	194	297		33		
223	9789	O'Neill, Tyler	BOS	OF	227.52	202	253		33		
224	10915	Detmers, Reid	LAA	P	227.85	210	264		33		
225	10076	Ward, Taylor	LAA	OF	228.18	197	267		33		
226	10792	Finnegan, Kyle	WAS	P	228.52	200	292		33		
227	9475	Gurriel Jr., Lourdes	ARZ	OF	228.55	194	266		33		
228	9726	McMahon, Ryan	COL	2B, 3B	229.03	180	253		33		
229	9294	Estevez, Carlos	LAA	P	229.94	125	427		33		
230	11407	Suarez, Robert	SD	P	231.12	180	302		33		
231	9782	Jimenez, Eloy	CWS	UT	231.18	196	266		33		
232	11362	Bello, Brayan	BOS	P	232.85	194	298		33		
233	10788	Vaughn, Andrew	CWS	1B	235.12	194	268		33		
234	11875	Caminero, Junior	TB	3B	235.3	187	315		33		
235	10248	India, Jonathan	CIN	2B	235.52	175	268		33		
236	6918	Morton, Charlie	ATL	P	236.58	207	274		33		
237	9965	McKenzie, Triston	CLE	P	237.15	205	270		33		
238	11742	Davis, Henry	PIT	OF	237.67	183	281		33		
239	11531	Grissom, Vaughn	BOS	SS	238.67	132	282		33		
240	10438	Kikuchi, Yusei	TOR	P	240.52	212	277		33		
241	8122	Martinez, J.D.	LAD	UT	240.55	213	288		33		
242	9183	Maeda, Kenta	DET	P	241.39	221	273		33		
243	10770	Sanchez, Cristopher	PHI	P	242.36	198	276		33		
244	9977	Mountcastle, Ryan	BAL	1B	244.03	202	291		33		
245	10964	Lodolo, Nick	CIN	P	244.67	210	294		33		
246	10845	Langeliers, Shea	OAK	C	245.52	215	272		33		
247	9609	Rengifo, Luis	LAA	2B, 3B, SS, OF	248.03	220	295		33		
248	11811	Sheehan, Emmet	LAD	P	248.3	215	299		33		
249	9795	Jansen, Danny	TOR	C	248.67	209	300		33		
250	10946	Jeffers, Ryan	MIN	C	250.85	199	305		33		
251	11588	Bradley, Taj	TB	P	252.18	190	307		33		
252	11297	Brash, Matt	SEA	P	252.48	209	289		33		
253	11377	Suwinski, Jack	PIT	OF	254.36	210	312		33		
254	11903	Lee, Jung Hoo	SF	OF	256.76	205	316		33		
255	8656	Correa, Carlos	MIN	SS	258.94	211	303		33		
256	10851	Kirk, Alejandro	TOR	C	260.79	219	287		33		
257	10203	Lux, Gavin	LAD	2B, OF	261.24	224	304		33		
258	8832	Polanco, Jorge	SEA	2B	261.64	227	320		33		
259	9153	Diaz, Elias	COL	C	263	227	305		33		
260	9365	Merrifield, Whit	TOR	2B, OF	263.36	224	303		33		
261	9312	Lugo, Seth	KC	P	264.73	220	300		33		
262	10274	Taveras, Leody	TEX	OF	267.39	238	299		33		
263	11741	Neto, Zach	LAA	SS	268.06	233	317		33		
264	9683	Chapman, Matt	TOR	3B	268.24	233	314		33		
265	7742	Turner, Justin	BOS	1B	268.36	224	338		33		
266	11802	Abbott, Andrew	CIN	P	268.45	235	306		33		
267	8721	Stroman, Marcus	NYY	P	270.36	223	296		33		
268	11594	Olson, Reese	DET	P	270.76	224	323		33		
269	11928	Matsui, Yuki	SD	P	271.24	161	328		33		
270	9934	Cortes, Nestor	NYY	P	271.97	241	312		33		
271	10068	Lowe, Brandon	TB	2B	272.21	227	303		33		
272	8805	Suarez, Eugenio	ARZ	3B	272.45	231	310		33		
273	11597	Harrison, Kyle	SF	P	273.33	228	313		33		
274	8694	Crawford, J.P.	SEA	SS	273.64	210	336		33		
275	10209	Canning, Griffin	LAA	P	274.42	238	321		33		
276	11283	Crawford, Kutter	BOS	P	274.64	231	303		33		
277	8018	Rizzo, Anthony	NYY	1B	276.76	216	321		33		
278	11247	De La Cruz, Bryan	MIA	OF	278.64	241	325		33		
279	10112	Means, John	BAL	P	279.73	237	334		33		
280	8633	Harvey, Hunter	WAS	P	279.91	215	335		33		
281	11357	Donovan, Brendan	STL	2B, OF	280	242	330		33		
282	9172	Kepler, Max	MIN	OF	280.45	224	314		33		
283	8674	Buxton, Byron	MIN	UT	284.3	235	364		33		
284	8962	Bell, Josh	MIA	1B	284.39	249	332		33		
285	8644	Bryant, Kris	COL	OF	284.76	248	317		33		
286	9907	Siri, Jose	TB	OF	286.09	251	337		33		
287	10307	Meadows, Parker	DET	OF	286.12	233	324		33		
288	8626	Abreu, Jose	HOU	1B	287.45	253	327		33		
289	8426	Wacha, Michael	KC	P	288.3	234	342		33		
290	10381	Abreu, Bryan	HOU	P	288.94	233	459		33		
291	10061	McNeil, Jeff	NYM	2B, OF	289.06	243	337		33		
292	10293	Melendez, MJ	KC	OF	290.73	259	328		33		
293	11323	Velazquez, Nelson	KC	OF	290.79	242	339		33		
294	11581	Frelick, Sal	MLW	OF	291.15	256	311		33		
295	9973	Gore, MacKenzie	WAS	P	293.61	260	338		33		
296	10721	Cabrera, Edward	MIA	P	296.3	265	324		33		
297	8919	Pham, Tommy	ARZ	OF	296.39	256	351		33		
298	8958	Severino, Luis	NYM	P	299.27	232	337		33		
299	7766	Lynn, Lance	STL	P	301.33	229	353		33		
300	9856	Castro, Willi	MIN	3B, OF	302.94	260	333		33		
301	11424	Varland, Louie	MIN	P	303.48	254	400		33		
302	11599	Wells, Austin	NYY	C	305.52	265	364		33		
303	10362	Benson, Will	CIN	OF	306.39	267	344		33		
304	9757	Verdugo, Alex	NYY	OF	307.7	270	354		33		
305	7886	Taillon, Jameson	CHC	P	307.73	273	351		33		
306	10149	Rooker, Brent	OAK	OF	310	278	346		33		
307	11610	Westburg, Jordan	BAL	2B, 3B	310.45	283	353		33		
308	9957	Hicks, Jordan	SF	P	311.82	251	370		33		
309	11439	Lawlar, Jordan	ARZ	SS	312.76	261	375		33		
310	10161	Paddack Jr., Chris	MIN	P	313.55	269	345		33		
311	10485	France, Ty	SEA	1B	315	271	347		33		
312	11576	Wallner, Matt	MIN	OF	316.85	256	364		33		
313	8653	Gray, Jon	TEX	P	316.91	286	344		33		
314	9763	Hays, Austin	BAL	OF	317.3	290	356		33		
315	10025	Adam, Jason	TB	P	319.21	272	383		33		
316	10151	Turang, Brice	MLW	2B, SS	319.39	275	357		33		
317	8650	Stephenson, Robert	LAA	P	319.45	144	444		33		
318	10225	Fraley, Jake	CIN	OF	321.45	290	404		33		
319	10531	Rogers, Jake	DET	C	323.09	272	410		33		
320	10937	Wong, Connor	BOS	C	324.24	213	401		33		
321	10764	Raley Jr., Luke	SEA	1B, OF	324.36	292	353		33		
322	7789	Stanton, Giancarlo	NYY	OF	324.48	249	374		33		
323	7538	Flores, Wilmer	SF	1B, 3B	324.76	276	362		33		
324	8950	Arcia, Orlando	ATL	SS	326.21	254	373		33		
325	11890	Black, Tyler	MLW	3B	328.67	289	361		33		
326	10126	Thomas, Alek	ARZ	OF	328.91	293	349		33		
327	11468	Silseth, Chase	LAA	P	331.3	295	388		33		
328	10146	Marsh, Brandon	PHI	OF	332.91	311	363		33		
329	11345	McArthur, James	KC	P	333.3	270	411		33		
330	6837	Scherzer, Max	TEX	P	334.06	221	447		33		
331	11412	Allen, Logan	CLE	P	335.42	299	400		33		
332	9500	Rosario, Amed	LAD	2B, SS	335.73	291	416		33		
333	10183	Kremer, Dean	BAL	P	335.94	299	387		33		
334	8666	Manaea, Sean	NYM	P	336.36	292	444		33		
335	9103	Montas, Frankie	CIN	P	337.76	279	374		33		
336	10128	Kirilloff, Alex	MIN	1B, OF	340.18	278	387		33		
337	7709	Chapman, Aroldis	PIT	P	340.24	272	409		33		
338	11885	Skenes, Paul	PIT	P	341.48	262	442		33		
339	10351	Rogers, Trevor	MIA	P	344.21	306	395		33		
340	9840	Suarez, Ranger	PHI	P	344.36	226	401		33		
341	11193	Wells, Tyler	BAL	P	344.64	271	412		33		
342	8689	Matz, Steven	STL	P	345.03	300	394		33		
343	8297	Smith, Will	KC	P	346.91	252	415		33		
344	11600	Manzardo, Kyle	TB	1B	347.3	303	408		33		
345	10165	Schmidt, Clarke	NYY	P	347.67	285	388		33		
346	10766	Cronenworth, Jake	SD	1B, 2B	350.88	287	432		33		
347	11102	Bailey, Patrick	SF	C	351.85	278	418		33		
348	8976	Anderson, Tim	CWS	SS	352	305	429		33		
349	11864	Crow-Armstrong, Pete	CHC	OF	353.27	301	426		33		
350	11123	Baty, Brett	NYM	3B	353.48	314	423		33		
351	11467	Cano, Yennier	BAL	P	354.7	230	496		33		
352	8424	Paxton, James	LAD	P	354.97	239	420		33		
353	10899	Winn, Masyn	STL	SS	358.76	301	389		33		
354	9781	Rodgers, Brendan	COL	2B	358.94	327	401		33		
355	11525	Meneses, Joey	WAS	UT	360	296	445		33		
356	8290	Gomes, Yan	CHC	C	360.55	317	427		33		
357	8670	Heaney, Andrew	TEX	P	362.39	308	443		33		
358	11825	Keith, Colt	DET	3B	363	300	403		33		
359	11370	Duran, Ezequiel	TEX	3B, SS, OF	363.64	319	450		33		
360	11863	Gipson-Long, Sawyer	DET	P	364.48	257	492		33		
361	11516	Massey, Michael	KC	2B	367.12	332	428		33		
362	11166	Santos, Gregory	CWS	P	368.48	216	483		33		
363	10854	Manoah, Alek	TOR	P	368.85	316	460		33		
364	8079	LeMahieu, DJ	NYY	1B, 3B	368.94	325	427		33		
365	11605	Tiedemann, Ricky	TOR	P	369.15	313	429		33		
366	10174	Dunning, Dane	TEX	P	370.24	320	430		33		
367	11190	Whitlock, Garrett	BOS	P	371	262	417		33		
368	9750	Flaherty, Jack	DET	P	371.45	280	427		33		
369	10226	McCarthy, Jake	ARZ	OF	371.55	312	535		33		
370	11204	Mitchell, Garrett	MLW	OF	371.76	322	425		33		
371	8968	Renfroe, Hunter	KC	OF	371.91	330	417		33		
372	8211	d'Arnaud, Travis	ATL	C	372.85	296	446		33		
373	9417	Benintendi, Andrew	CWS	OF	373.42	318	420		33		
374	10271	Wade Jr., LaMonte	SF	1B, OF	373.94	341	431		33		
375	11628	Rafaela, Ceddanne	BOS	OF	374.64	309	499		33		
376	8979	Moncada, Yoan	CWS	3B	375.12	331	431		33		
377	9860	Littell, Zack	TB	P	375.39	328	424		33		
378	11048	Busch, Michael	CHC	3B	379.73	250	559		33		
379	10236	Sanchez, Jesus	MIA	OF	379.73	339	433		33		
380	11417	Ashcraft, Graham	CIN	P	381.55	326	446		33		
381	10279	Garcia, Luis	WAS	2B	382.52	339	417		33		
382	11223	Vierling, Matt	DET	3B, OF	384.15	333	453		33		
383	10259	Gray, Josiah	WAS	P	384.91	266	461		33		
384	11643	Rojas, Johan	PHI	OF	385.09	330	476		33		
385	11709	Abreu, Wilyer	BOS	OF	385.64	320	437		33		
386	11876	Kerkering, Orion	PHI	P	386	309	486		33		
387	9710	Bader, Harrison	NYM	OF	387.55	324	479		33		
388	8852	Taylor, Chris	LAD	3B, SS, OF	387.97	331	457		33		
389	11401	Sears, JP	OAK	P	391.18	334	443		33		
390	9210	Clevinger, Mike	CWS	P	392.27	341	450		33		
391	9784	Moniak, Mickey	LAA	OF	393.67	327	459		33		
392	10950	Pinto, Rene	TB	C	397.27	310	463		33		
393	11307	Elder, Bryce	ATL	P	398.42	315	550		33		
394	8643	Baez, Javier	DET	SS	398.48	330	449		33		
395	11774	Smith-Shawver, AJ	ATL	P	398.82	358	491		33		
396	11514	Fermin, Freddy	KC	C	399.94	355	462		33		
397	9792	Puk, A.J.	MIA	P	400.76	342	490		33		
398	8829	Duvall, Adam	BOS	OF	401.76	331	471		33		
399	8954	Conforto, Michael	SF	OF	405.79	343	457		33		
400	8280	Quintana, Jose	NYM	P	407.33	339	457		33		
401	10392	Montero, Elehuris	COL	1B	407.36	334	513		33		
402	9431	Haniger, Mitch	SEA	OF	407.42	354	513		33		
403	10499	Lawrence, Justin	COL	P	408.36	302	519		33		
404	11838	Schneider, Davis	TOR	2B	413.27	361	494		33		
405	10188	Waters, Drew	KC	OF	414.3	351	485		33		
406	11096	Peguero, Liover	PIT	2B, SS	414.58	350	474		33		
407	11068	Houck, Tanner	BOS	P	414.58	304	483		33		
408	9719	Fedde, Erick	CWS	P	414.64	319	478		33		
409	9824	O'Hearn, Ryan	BAL	1B, OF	416	349	474		33		
410	9819	Mikolas, Miles	STL	P	416.73	351	476		33		
411	10372	Ashby, Aaron	MLW	P	417.09	368	493		33		
412	9776	Senzel, Nick	WAS	3B, OF	417.97	365	473		33		
413	11680	Winn, Keaton	SF	P	418.06	362	500		33		
414	11844	Schanuel, Nolan	LAA	1B	418.39	353	478		33		
415	11653	Doyle, Brenton	COL	OF	418.45	321	520		33		
416	9993	McKinstry, Zach	DET	2B, 3B, SS, OF	418.58	350	455		33		
417	9880	Tellez, Rowdy	PIT	1B	419.21	374	472		33		
418	8977	Canha, Mark	DET	OF	420.7	347	506		33		
419	10832	Meyer, Max	MIA	P	421.06	350	476		33		
420	8418	Walker, Taijuan	PHI	P	421.36	336	469		33		
421	10152	Graterol, Brusdar	LAD	P	422.48	373	477		33		
422	11886	Horton, Cade	CHC	P	422.55	337	550		33		
423	8058	Cobb, Alex	SF	P	423.39	336	509		33		
424	10187	Hall, DL	BAL	P	423.61	323	511		33		
425	10322	Noda, Ryan	OAK	1B	424.12	374	486		33		
426	8748	Martinez, Nick	CIN	P	425.45	303	502		33		
427	11786	Caballero, Jose	TB	2B, SS	425.79	288	679		33		
428	7553	Blackmon, Charlie	COL	OF	426.48	357	524		33		
429	11848	Goodman, Hunter	COL	OF	428.18	301	525		33		
430	10113	Berti, Jon	MIA	3B, SS	429.27	378	477		33		
431	8026	Gibson, Kyle	STL	P	429.67	360	499		33		
432	11847	Wicks, Jordan	CHC	P	429.85	391	500		33		
433	8841	Hendricks, Kyle	CHC	P	430.09	355	503		33		
434	7514	Santana, Carlos	MLW	1B	430.73	355	491		33		
435	8212	Sanchez, Gary	SD	C	431.88	335	524		33		
436	10397	Perdomo, Geraldo	ARZ	2B, SS	432.7	390	494		33		
437	10308	Sandoval, Patrick	LAA	P	433.18	352	514		33		
438	9605	Olivares, Edward	PIT	OF	433.48	359	497		33		
439	9722	Davis, J.D.	SF	3B	433.58	371	476		33		
440	10145	Singer, Brady	KC	P	436.3	353	504		33		
441	10159	Mize, Casey	DET	P	441.67	321	510		33		
442	10285	Manning, Matt	DET	P	442.18	374	517		33		
443	10220	Herrera, Ivan	STL	C	444.18	395	493		33		
444	11749	Dominguez, Jasson	NYY	OF	444.3	339	555		33		
445	8234	Bauer, Trevor	LAD	P	444.79	240	582		33		
446	9919	Laureano, Ramon	CLE	OF	445.55	376	523		33		
447	10417	Vargas, Miguel	LAD	2B	447.88	387	553		33		
448	11868	Boyle, Joe	OAK	P	448.03	339	536		33		
449	10662	Ginkel, Kevin	ARZ	P	451.67	323	531		33		
450	10290	Amaya, Miguel	CHC	C	453.91	360	532		33		
451	11896	Thorpe, Drew	NYY	P	457.27	374	607		33		
452	9923	Barlow, Scott	CLE	P	458.12	384	619		33		
453	8784	deGrom, Jacob	TEX	P	459.33	254	601		33		
454	9410	Lopez, Reynaldo	ATL	P	459.61	365	537		33		
455	8975	Hoffman, Jeff	PHI	P	460.67	392	522		33		
456	8675	Rosario, Eddie	ATL	OF	462.06	361	525		33		
457	8688	Pederson, Joc	ARZ	OF	463.52	392	587		33		
458	10160	Biggio, Cavan	TOR	1B, 2B, OF	463.52	407	520		33		
459	8615	Bethancourt, Christian	MIA	C	464.64	366	568		33		
460	11716	France, J.P.	HOU	P	465.18	397	525		33		
461	11745	Gasser, Robert	MLW	P	466.76	438	531		33		
462	10670	Rojas, Josh	SEA	2B, 3B	467.61	379	535		33		
463	11897	Jobe, Jackson	DET	P	467.82	384	560		33		
464	10677	Brown, Seth	OAK	OF	468.45	411	521		33		
465	10415	Luciano, Marco	SF	SS	468.88	364	531		33		
466	8137	Miley, Wade	MLW	P	470.33	407	547		33		
467	8225	Rendon, Anthony	LAA	3B	472.12	410	567		33		
468	8415	Ryu, Hyun Jin	TOR	P	475.21	410	532		33		
469	11606	Mead, Curtis	TB	3B	475.27	404	552		33		
470	11893	Jones, Jared	PIT	P	475.36	414	534		33		
471	11887	Waldrep, Hurston	ATL	P	479.42	387	553		33		
472	9922	Urias, Luis	SEA	2B	479.45	429	563		33		
473	7384	Robertson, David	TEX	P	480.79	402	563		33		
474	10013	Bae, Ji Hwan	PIT	2B, OF	482.15	410	569		33		
475	11406	Wiemer, Joey	MLW	OF	482.42	358	569		33		
476	12001	Go, Woo Suk	SD	P	482.88	226	596		33		
477	9205	Strahm, Matt	PHI	P	484.52	396	557		33		
478	11664	Uribe, Abner	MLW	P	485.15	433	578		33		
479	9802	Dubon, Mauricio	HOU	2B, OF	487.33	380	540		33		
480	10379	Rocchio, Brayan	CLE	SS	487.61	428	592		33		
481	10645	Urquidy, Jose	HOU	P	488.27	433	561		33		
482	9734	Minter, A.J.	ATL	P	488.52	396	633		33		
483	11947	Scott, Victor	STL	OF	489.64	394	590		33		
484	11538	Garrett, Stone	WAS	OF	489.64	398	580		33		
485	9537	Farmer, Kyle	MIN	2B, 3B, SS	491.21	423	558		33		
486	11547	Assad, Javier	CHC	P	491.21	395	606		33		
487	11892	Montgomery, Colson	CWS	SS	492.73	356	613		33		
488	7150	Kershaw, Clayton	LAD	P	493.61	346	637		33		
489	7683	Miller, Shelby	DET	P	495.33	390	618		33		
490	11678	Matos, Luis	SF	OF	496.06	374	620		33		
491	8657	Murphy, Tom	SF	C	496.58	386	639		33		
492	9779	Kopech, Michael	CWS	P	497.61	386	578		33		
493	10626	Yastrzemski, Mike	SF	OF	498.09	451	570		33		
494	11728	Sabol, Blake	SF	C, OF	498.24	402	668		33		
495	11071	Soderstrom, Tyler	OAK	UT	498.45	383	602		33		
496	11587	Stone, Gavin	LAD	P	499.7	421	633		33		
497	11289	Fortes, Nick	MIA	C	499.79	419	559		33		
498	11156	Peraza, Oswald	NYY	3B	499.97	445	584		33		
499	11218	Jax, Griffin	MIN	P	500.24	403	561		33		
500	10365	Edwards, Xavier	MIA	2B	501	270	572		33		
501	10067	Springs, Jeffrey	TB	P	501.82	434	572		33		
502	11127	Foley, Jason	DET	P	503.21	411	573		33		
503	10658	Grisham, Trent	NYY	OF	506.33	431	591		33		
504	10955	Walls, Taylor	TB	2B, 3B, SS	507.58	431	605		33		
505	11609	Cowser, Colton	BAL	OF	509	375	615		33		
506	8667	Cron, C.J.	LAA	1B	510.3	418	619		33		
507	8624	Kiermaier, Kevin	TOR	OF	511.12	347	583		33		
508	10474	Anderson, Nick	KC	P	513.61	414	570		33		
509	9859	Merryweather, Julian	CHC	P	513.73	438	653		33		
510	11181	Colas, Oscar	CWS	OF	515.06	441	596		33		
511	11582	Mervis, Matt	CHC	1B	515.58	393	652		33		
512	11889	Mayo, Coby	BAL	3B	518.45	427	593		33		
513	9524	Mateo, Jorge	BAL	SS	521.15	438	653		33		
514	10282	Vientos, Mark	NYM	UT	521.42	450	677		33		
515	10900	Crochet, Garrett	CWS	P	521.45	395	602		33		
516	11681	Deluca, Jonny	TB	OF	522.33	453	607		33		
517	10449	Swanson, Erik	TOR	P	523.61	385	592		33		
518	8808	Yates, Kirby	TEX	P	523.73	403	625		33		
519	9028	Lorenzen, Michael	PHI	P	525.76	461	614		33		
520	11916	Rodriguez, Yariel	TOR	P	525.91	436	620		32		
521	10114	Taylor, Tyrone	NYM	OF	527.09	440	615		33		
522	9791	Soroka, Michael	CWS	P	527.55	446	633		33		
523	11922	Crews, Dylan	WAS	OF	527.76	435	628		33		
524	10241	Adell, Jo	LAA	OF	529.45	454	619		33		
525	11411	Wesneski, Hayden	CHC	P	529.48	431	584		33		
526	9124	Rea, Colin	MLW	P	529.88	444	645		33		
527	8768	Martin, Chris	BOS	P	530.21	410	631		33		
528	8775	Ray, Robbie	SF	P	531.79	453	599		33		
529	8843	Vazquez, Christian	MIN	C	532.45	459	635		33		
530	7112	Heyward, Jason	LAD	OF	533.33	452	616		33		
531	10496	Payamps, Joel	MLW	P	533.85	438	660		33		
532	11227	Megill, Tylor	NYM	P	535	464	656		33		
533	9788	Bauers, Jake	MLW	1B, OF	535.27	411	683		33		
534	9863	Kiner-Falefa, Isiah	TOR	3B, OF	536.45	481	588		33		
535	10200	Arias, Gabriel	CLE	1B, SS	536.82	472	632		33		
536	10408	Isbel, Kyle	KC	OF	537.45	439	654		33		
537	9175	Houser, Adrian	NYM	P	537.76	447	594		33		
538	11898	Warren, Will	NYY	P	538.55	405	734		33		
539	9805	Wisdom, Patrick	CHC	3B	542.45	420	660		33		
540	11536	Nardi, Andrew	MIA	P	544.03	413	635		33		
541	11340	Diaz, Jordan	OAK	2B, 3B	545.58	441	638		33		
542	9262	Caratini, Victor	HOU	C	545.64	464	655		33		
543	11867	Hurt, Kyle	LAD	P	549.76	461	704		33		
544	11754	Joyce, Ben	LAA	P	551.67	423	668		32		
545	11894	Misiorowski, Jacob	MLW	P	553.58	437	636		33		
546	11668	Triolo, Jared	PIT	3B	553.61	443	691		33		
547	11902	Festa, David	MIN	P	553.97	487	632		33		
548	8860	Neris, Hector	CHC	P	554.73	469	656		33		
549	9526	Gallegos, Giovanny	STL	P	555.61	358	666		33		
550	11912	Scott, Christian	NYM	P	557.03	474	673		33		
551	11920	Hernaiz, Darell	OAK	SS	558.12	485	641		33		
552	9578	Blackburn, Paul	OAK	P	558.55	464	622		33		
553	10425	Palacios, Richie	TB	OF	559.09	451	674		33		
554	11394	Aranda, Jonathan	TB	UT	559.12	451	672		33		
555	9938	Kinley, Tyler	COL	P	561.12	444	709		33		
556	8866	Taylor, Michael A.	MIN	OF	561.24	467	657		33		
557	9921	Erceg, Lucas	OAK	P	564.21	455	675		33		
558	9281	Stripling, Ross	SF	P	566.88	474	669		32		
559	8019	Belt, Brandon	TOR	1B	567.67	447	718		33		
560	8835	Hernandez, Enrique	LAD	2B, SS, OF	568.03	423	664		33		
561	9862	Trevino, Jose	NYY	C	569.45	407	700		33		
562	9705	Cooper, Garrett	SD	1B	569.55	445	722		33		
563	9069	Urshela, Gio	LAA	1B, 3B	571.33	463	714		33		
564	10280	Medina, Luis	OAK	P	571.79	431	710		33		
565	9145	German, Domingo	NYY	P	573.33	474	696		33		
566	11771	Kjerstad, Heston	BAL	UT	574.03	390	719		33		
567	11797	Monasterio, Andruw	MLW	2B, 3B	577.76	459	680		33		
568	11055	Grove, Michael	LAD	P	577.82	468	686		33		
569	11638	Brito, Jhony	SD	P	578.18	466	722		33		
570	11617	Malloy, Justyn-Henry	DET	3B	578.36	429	716		33		
571	9807	Yarbrough, Ryan	LAD	P	583.7	467	742		33		
572	10852	Palacios, Joshua	PIT	OF	584.36	515	665		33		
573	6696	McCutchen, Andrew	PIT	UT	587.91	483	719		33		
574	9260	Ramirez, Harold	TB	UT	588.06	451	745		33		
575	11187	Soriano, Jose	LAA	P	589.18	456	721		29		
576	11677	Vasquez, Randy	SD	P	590.88	483	697		33		
577	11578	Brennan, Will	CLE	OF	590.88	462	701		32		
578	10517	Joe, Connor	PIT	1B, OF	591.88	497	686		33		
579	11919	DeLauter, Chase	CLE	OF	592.12	509	698		33		
580	8773	Grichuk, Randal	LAA	OF	593.33	521	665		33		
581	10807	Rasmussen, Drew	TB	P	593.52	490	683		33		
582	9107	Anderson, Tyler	LAA	P	594.09	445	688		33		
583	10838	Bleday, JJ	OAK	OF	594.42	508	736		33		
584	9892	Soto, Gregory	PHI	P	594.48	423	716		33		
585	10999	Meyers, Jake	HOU	OF	594.73	477	729		32		
586	8786	DeSclafani, Anthony	MIN	P	594.79	480	729		33		
587	10190	Carlson, Dylan	STL	OF	595.67	448	696		33		
588	9765	Robles, Victor	WAS	OF	596.12	474	673		33		
589	11855	Phillips, Connor	CIN	P	596.55	446	723		32		
590	11612	Loftin, Nick	KC	1B	597.27	493	672		33		
591	10877	Williamson, Brandon	CIN	P	598.52	443	729		33		
592	9470	Higashioka, Kyle	SD	C	598.58	460	731		33		
593	9666	DeJong, Paul	CWS	SS	599.58	499	687		33		
594	11326	Nelson, Ryne	ARZ	P	600.03	497	738		33		
595	9392	Stewart, Brock	MIN	P	602.97	503	750		33		
596	8665	Mondesi, Adalberto	BOS	SS	603.73	420	725		31		
597	10420	Martinez, Orelvis	TOR	SS	603.79	498	689		33		
598	10873	Hancock, Emerson	SEA	P	605.06	522	679		33		
599	9987	Brujan, Vidal	MIA	2B	608.39	513	685		31		
600	10898	Thompson, Zack	STL	P	609.21	504	750		33		
601	11497	Bouchard, Sean	COL	OF	611	499	730		32		
602	10423	Miller, Owen	MLW	1B, 2B, 3B	611.03	553	720		33		
603	7791	Perez, Martin	PIT	P	613.61	505	732		33		
604	11750	Wood, James	WAS	OF	613.94	523	730		33		
605	10401	Cantillo, Joey	CLE	P	614	544	687		32		
606	8582	Stassi, Max	CWS	C	614.94	493	734		32		
607	11891	Merrill, Jackson	SD	SS	617.64	484	715		30		
608	11649	Butler, Lawrence	OAK	OF	618.15	517	729		32		
609	11907	Snelling, Robby	SD	P	618.36	531	722		32		
610	10017	Stewart, DJ	NYM	OF	618.88	504	740		32		
611	11421	Burleson, Alec	STL	OF	621.67	503	724		32		
612	11614	Acuna, Luisangel	NYM	SS	623.33	536	743		33		
613	9698	Tauchman, Mike	CHC	OF	624.42	511	742		32		
614	8645	Johnson, Pierce	ATL	P	624.67	404	695		32		
615	8936	Margot, Manuel	LAD	OF	625.3	494	717		32		
616	10826	Huff, Sam	TEX	C	627.97	501	726		29		
617	8246	Smyly, Drew	CHC	P	629.48	535	743		33		
618	8712	Gonzales, Marco	PIT	P	631.55	522	709		30		
619	11603	Norby, Connor	BAL	2B	632.06	499	736		33		
620	10181	Peterson, David	NYM	P	632.91	474	720		31		
621	10253	Miranda, Jose	MIN	3B	633.09	468	726		32		
622	8630	Sims, Lucas	CIN	P	634.52	514	707		32		
623	9706	Kittredge, Andrew	STL	P	634.79	557	702		31		
624	10487	Sborz, Josh	TEX	P	635.76	521	720		32		
625	10194	Florial, Estevan	CLE	OF	635.88	489	714		29		
626	10135	Knizner, Andrew	TEX	C	638.79	550	706		29		
627	11474	Blanco, Dairon	KC	OF	640.03	515	736		30		
628	10502	Poche, Colin	TB	P	641.24	527	716		32		
629	10426	Contreras, Roansy	PIT	P	642.09	535	747		33		
630	11888	Black, Mason	SF	P	644.58	572	728		32		
631	11778	Canzone, Dominic	SEA	OF	644.82	541	750		29		
632	10124	Baddoo, Akil	DET	OF	645.03	491	747		32		
633	11929	Jung, Jace	DET	2B	646.91	430	749		31		
634	10800	Jimenez, Dany	OAK	P	647.64	552	717		31		
635	10527	Irvin, Cole	BAL	P	649.42	468	727		30		
636	5283	Votto, Joey	CIN	1B	652.18	485	733		30		
637	10297	Madrigal, Nick	CHC	3B	652.73	495	736		33		
638	10528	Romero, JoJo	STL	P	653.45	494	715		30		
639	11921	Shaw, Matt	CHC	SS	654.91	463	734		25		
640	11939	Marsee, Jakob	SD	OF	655.64	501	741		27		
641	10301	Lopez, Nicky	CWS	2B, 3B	656.15	520	731		30		
642	11313	Lee, Korey	CWS	C	657.21	513	745		29		
643	8215	Grandal, Yasmani	CWS	C	657.79	545	745		26		
644	10001	Toro, Abraham	OAK	3B	657.91	527	734		31		
645	11911	Rice, Ben	NYY	C	660.39	512	746		29		
646	10979	Ibanez, Andy	DET	2B, OF	660.48	568	720		31		
647	11626	Valdez, Enmanuel	BOS	2B	660.94	546	745		29		
648	8897	McCann, James	BAL	C	661.27	485	729		32		
649	9523	Andujar, Miguel	OAK	OF	661.39	545	742		29		
650	11740	Lee, Brooks	MIN	SS	661.58	496	738		29		
651	11743	Schmitt, Casey	SF	3B, SS	661.61	567	741		30		
652	8711	Gallo, Joey	WAS	1B, OF	661.82	421	749		28		
653	11238	Eder, Jake	CWS	P	662.03	557	744		29		
654	8159	Maldonado, Martin	CWS	C	663.64	515	738		27		
655	11273	Effross, Scott	NYY	P	665.06	537	748		31		
656	7037	Ottavino, Adam	NYM	P	665.36	562	736		29		
657	9742	Mahle, Tyler	TEX	P	665.39	521	736		29		
658	11302	Yepez, Juan	STL	OF	665.91	501	732		27		
659	9831	Haase, Eric	MLW	C, OF	666.15	506	750		29		
660	9652	Pagan, Emilio	CIN	P	666.21	507	732		28		
661	11909	McDermott, Chayce	FA	P	666.55	585	735		27		
662	8669	Urias, Julio	LAD	P	666.76	460	721		18		
663	9664	Brebbia, John	CWS	P	667.94	378	720		17		
664	11935	Brown, Ben	CHC	P	668.55	491	742		28		
665	10299	Pratto, Nick	KC	1B, OF	669.36	567	739		27		
666	11632	Abel, Mick	FA	P	669.82	541	746		27		
667	11843	McMillon, John	KC	P	669.94	512	746		29		
668	10286	Thaiss, Matt	LAA	C	670.36	523	727		28		
669	9983	Hampson, Garrett	KC	SS, OF	670.45	548	747		30		
670	9838	Dominguez, Seranthony	PHI	P	670.97	545	735		30		
671	8659	McCullers Jr., Lance	HOU	P	671.48	579	748		29		
672	9547	Junis, Jakob	SF	P	671.61	470	750		25		
673	9644	Jimenez, Joe	ATL	P	675.27	570	745		31		
674	10109	Straw, Myles	CLE	OF	675.64	582	744		31		
675	10020	Rainey, Tanner	WAS	P	675.94	545	740		26		
676	9786	Gordon, Nick	MIN	OF	676.21	497	733		29		
677	10971	Cavalli, Cade	WAS	P	676.39	500	750		29		
678	7131	Andrus, Elvis	CWS	2B, SS	676.85	557	742		29		
679	10287	Liberatore, Matthew	STL	P	677	591	745		31		
680	9452	Kelly, Carson	DET	C	677.15	501	739		25		
681	8506	Wood, Alex	SF	P	678.73	586	750		29		
682	9387	Frazier, Adam	KC	2B	679.18	554	748		29		
683	11846	Young, Jacob	WAS	OF	681.52	565	736		26		
684	11918	Madden, Ty	DET	P	682.15	615	747		30		
685	10204	Sheets, Gavin	CWS	1B, OF	682.18	572	747		27		
686	10189	May, Dustin	LAD	P	683.52	387	734		23		
687	11941	Bliss, Ryan	SEA	2B	683.61	573	741		29		
688	11899	Roby, Tekoah	STL	P	685.52	497	746		19		
689	9065	Ross, Joe	MLW	P	685.88	577	739		27		
690	10127	Faedo, Alex	DET	P	686.82	501	747		27		
691	10976	Irvin, Jake	WAS	P	688.48	560	735		26		
692	11924	Povich, Cade	BAL	P	688.73	544	743		26		
693	10804	Megill, Trevor	MLW	P	690.39	575	742		25		
694	8378	Garcia, Avisail	MIA	OF	691.03	561	741		25		
695	10760	Gil, Luis	NYY	P	691.39	598	746		26		
696	11363	Winckowski, Josh	BOS	P	691.55	458	736		18		
697	11625	Ortiz, Joey	BAL	2B	691.82	571	736		24		
698	11770	Foscue, Justin	TEX	2B	692.85	547	748		22		
699	11895	Saggese, Thomas	STL	2B	693.03	593	746		25		
700	11635	Berroa, Prelander	SEA	P	693.06	561	739		26		
701	11904	Vasil, Mike	NYM	P	694.18	577	748		23		
702	11615	De Los Santos, Deyvison	CLE	3B	694.55	564	742		24		
703	11331	Veen, Zac	COL	OF	698.3	568	742		23		
704	9225	Rogers, Taylor	SF	P	699	618	748		30		
705	10214	Ynoa, Huascar	ATL	P	700.24	587	747		22		
706	11803	Baker, Luken	STL	1B	700.33	521	750		21		
707	11915	Rodriguez, Carlos F	MLW	P	700.45	603	747		22		
708	8736	Kahnle, Tommy	NYY	P	701.55	593	746		22		
709	11965	Amador, Adael	COL	SS	703.12	514	749		18		
710	11660	Alu, Jake	WAS	2B, OF	703.64	630	739		21		
711	10445	Urias, Ramon	BAL	2B, 3B	703.67	520	729		21		
712	11327	Leiter, Jack	TEX	P	704.18	605	728		22		
713	11469	Holderman, Colin	PIT	P	704.45	564	750		21		
714	10197	Pereira, Everson	NYY	OF	705.3	570	748		23		
715	11905	Johnston, Troy	MIA	1B	706.3	557	739		23		
716	12000	Uwasawa, Naoyuki	FA	P	706.76	477	746		18		
717	11186	Vest, Will	DET	P	707.7	610	748		25		
718	10024	Lauer, Eric	MLW	P	710.97	582	749		19		
719	9897	Loaisiga, Jonathan	NYY	P	711.45	568	750		17		
720	11492	Daniel, Davis	LAA	P	711.48	607	746		22		
721	9952	Lucchesi, Joey	NYM	P	712.03	590	741		20		
722	11391	Cabrera, Oswaldo	NYY	OF	714.7	536	742		20		
723	9384	Stallings, Jacob	COL	C	714.73	528	743		17		
724	11572	Ortiz, Luis L.	PIT	P	714.73	579	744		21		
725	11003	Garcia, Luis	HOU	P	714.79	568	740		18		
726	10310	Avila, Pedro	SD	P	714.85	622	748		17		
727	12020	Arrighetti, Spencer	HOU	P	715	508	749		16		
728	11434	Horwitz, Spencer	TOR	1B	715.06	546	747		15		
729	11596	Barger, Addison	TOR	SS	715.24	630	749		19		
730	9648	Leiter Jr., Mark	CHC	P	715.73	588	749		23		
731	11446	Azocar, Jose	SD	OF	716.48	529	744		15		
732	10360	Franco, Wander	TB	SS	716.55	431	720		5		
733	10444	Moore, Dylan	SEA	2B, OF	716.79	631	749		20		
734	10646	Alexander, Tyler	TB	P	717.55	579	730		11		
735	11900	Nastrini, Nick	CWS	P	719.61	628	750		18		
736	11923	Williams, Jett	NYM	SS	720.12	571	745		14		
737	11913	Iriarte, Jairo	SD	P	720.18	577	735		19		
738	9959	Quantrill, Cal	COL	P	720.3	604	748		22		
739	8272	Corbin, Patrick	WAS	P	720.42	504	739		15		
740	8679	Smith, Dominic	WAS	1B	721.15	570	736		14		
741	11955	Gilbert, Drew	NYM	OF	721.39	562	748		16		
742	11604	Julks, Corey	HOU	OF	722.88	601	745		14		
743	12028	Leasure, Jordan	CWS	P	723	603	743		15		
744	9400	Narvaez, Omar	NYM	C	723.21	599	749		15		
745	11400	Butto, Jose	NYM	P	723.24	557	747		14		
746	11925	Dunn, Blake	CIN	OF	724.03	586	744		13		
747	9361	Green, Chad	TOR	P	724.21	675	746		22		
748	11792	Bradford, Cody	TEX	P	724.45	619	747		13		
749	7087	Moustakas, Mike	LAA	1B, 3B	724.91	574	741		15		
750	8895	Garcia, Yimi	TOR	P	726.18	644	747		17		
751	11126	Topa, Justin	MIN	P	726.42	628	747		15		
752	10356	Freeman, Tyler	CLE	3B	726.45	614	745		10		
753	11171	Falter, Bailey	PIT	P	727.39	578	750		18		
754	10352	Beck, Tristan	SF	P	727.79	593	747		12		
755	10781	Espinal, Santiago	TOR	2B, 3B	728	617	739		12		
756	11930	Hampton, Chase	NYY	P	728.12	634	749		13		
757	8699	McGuire, Reese	BOS	C	728.3	575	750		12		
758	11934	Mayer, Marcelo	BOS	SS	728.94	623	725		11		
759	10087	Hamilton, Ian	NYY	P	729.15	592	740		15		
760	11658	Ramos, Bryan	CWS	3B	730.36	610	729		9		
761	11829	Winans, Allan	ATL	P	730.42	589	749		10		
762	11906	Quero, Jeferson	MLW	C	730.58	488	739		10		
763	11931	Frasso, Nick	LAD	P	730.76	658	747		15		
764	8294	Solano, Donovan	MIN	1B, 2B	730.91	621	746		12		
765	11657	Marlowe, Cade	SEA	OF	731.36	458	750		8		
766	8363	Raley, Brooks	NYM	P	731.61	558	744		10		
767	11144	Marsh, Alec	KC	P	731.85	571	736		9		
768	7137	Bard, Daniel	COL	P	731.97	524	730		7		
769	11621	Montgomery, Mason	TB	P	732.67	587	736		9		
770	9502	Flexen, Chris	CWS	P	732.73	588	746		11		
771	10849	Shuster, Jared	CWS	P	732.82	626	743		13		
772	8316	Kelly, Joe	LAD	P	733.09	669	749		14		
773	10926	Espino, Daniel	CLE	P	733.12	544	750		8		
774	11557	Cruz, Fernando	CIN	P	733.76	637	739		12		
775	11131	Priester, Quinn	PIT	P	734.52	637	738		12		
776	11794	Walker, Ryan	SF	P	734.73	568	729		6		
777	11585	Painter, Andrew	PHI	P	735	521	727		5		
778	11901	Teel, Kyle	BOS	C	735.15	588	749		9		
779	10850	Adams, Riley	WAS	C	735.3	646	748		13		
780	12002	Spence, Mitch	OAK	P	735.45	619	745		11		
781	11946	Palmegiani, Damiano	TOR	3B	735.48	577	745		7		
782	11194	Stephan, Trevor	CLE	P	735.88	649	742		10		
783	10129	Canario, Alexander	CHC	OF	736.06	579	742		11		
784	9234	Wendle, Joey	NYM	SS	736.24	667	711		8		
785	11422	Waldichuk, Ken	OAK	P	736.42	632	740		8		
786	11954	Pauley, Graham	SD	3B	736.7	557	749		10		
787	8933	Toussaint, Touki	CWS	P	736.76	498	750		8		
788	10058	De Los Santos, Enyel	SD	P	736.85	671	748		12		
789	9430	Weaver, Luke	NYY	P	737.3	587	750		6		
790	11294	Moreta, Dauri	PIT	P	737.3	611	745		8		
791	10156	Hernandez, Carlos	KC	P	737.42	634	736		8		
792	8807	Rojas, Miguel	LAD	SS	737.7	644	728		9		
793	11952	Loperfido, Joey	HOU	OF	737.73	638	747		11		
794	10144	Dalbec, Bobby	BOS	1B	737.76	658	750		10		
795	9893	Turnbull, Spencer	DET	P	737.85	672	740		10		
796	10264	Hiura, Keston	MLW	1B	738.09	623	725		6		
797	11623	Flores, Wilmer	DET	P	738.21	510	725		4		
798	10700	Karinchak, James	CLE	P	738.24	565	749		9		
799	11441	Smith, Josh H.	TEX	3B, SS, OF	738.39	636	733		7		
800	10123	Morejon, Adrian	SD	P	738.61	527	737		5		
801	9401	Floro, Dylan	WAS	P	738.64	566	737		4		
802	11956	Whisenhunt, Carson	SF	P	739.06	610	746		8		
803	11631	Fujinami, Shintaro	BAL	P	739.15	612	749		10		
804	9557	Sosa, Edmundo	PHI	3B	739.18	600	746		4		
805	9125	Jankowski, Travis	TEX	OF	739.52	652	737		7		
806	8436	Puig, Yasiel	ATL	UT	739.76	628	744		8		
807	9143	Maile, Luke	CIN	C	739.85	584	735		6		
808	10176	Lynch IV IV, Daniel	KC	P	739.85	626	749		9		
809	8029	Moore, Matt	LAA	P	739.94	648	743		6		
810	11459	Holton, Tyler	DET	P	740	680	743		12		
811	11205	Bender, Anthony	MIA	P	740.45	668	749		10		
812	9049	Barnes, Austin	LAD	C	740.58	660	748		6		
813	10725	Rogers, Tyler	SF	P	741.03	661	740		6		
814	11831	Wolf, Jackson	PIT	P	741.09	572	714		3		
815	11647	Vines, Darius	ATL	P	741.12	646	745		10		
816	10295	Pearson, Nate	TOR	P	741.18	678	745		11		
817	11537	Curry, Xzavion	CLE	P	741.27	602	743		6		
818	9713	Bummer, Aaron	ATL	P	741.39	653	739		7		
819	11758	Murray, Jayden	HOU	P	741.45	669	740		6		
820	10213	Ramos, Heliot	SF	OF	741.55	676	727		7		
821	8702	Peterson, Jace	ARZ	2B, 3B	741.58	626	746		6		
822	9364	Kemp, Tony	OAK	2B, OF	741.64	611	744		4		
823	10833	Martin, Austin	MIN	UT	741.7	668	725		6		
824	11767	Montes, Coco	COL	2B	741.7	680	746		9		
825	10470	Suarez, Jose	LAA	P	741.73	632	749		4		
826	10350	Larnach, Trevor	MIN	OF	741.82	642	746		10		
827	8756	Treinen, Blake	LAD	P	741.91	655	714		5		
828	10335	Woods Richardson, Simeon	MIN	P	741.94	614	746		5		
829	10595	Batten, Matthew	SD	2B	742.18	676	726		6		
830	10336	Sanchez, Sixto	MIA	P	742.3	646	749		7		
831	9074	Gott, Trevor	OAK	P	742.42	678	748		9		
832	8941	Freeland, Kyle	COL	P	742.42	678	706		5		
833	11601	White, Owen	TEX	P	742.55	691	744		8		
834	11106	Beeter, Clayton	NYY	P	742.64	616	731		4		
835	11938	Thompson, Sterlin	COL	3B	742.7	648	723		4		
836	9269	Diaz, Aledmys	OAK	3B, SS	742.73	625	713		4		
837	10041	Ferguson, Caleb	LAD	P	743	574	745		4		
838	11367	Rosario, Eguy	SD	3B	743.27	629	750		8		
839	10749	Antone, Tejay	CIN	P	743.42	651	734		5		
840	10276	Allen, Logan	BAL	P	743.73	511	511		1		
841	8864	May, Trevor	OAK	P	743.76	645	735		4		
842	7993	Lyles, Jordan	KC	P	744.06	664	744		6		
843	11917	Hurtubise, Jacob	CIN	OF	744.06	657	736		5		
844	11948	Anthony, Roman	BOS	OF	744.09	662	749		5		
845	10047	Smith, Drew	NYM	P	744.36	599	684		2		
846	12024	Williams, Carson	TB	SS	744.39	581	703		2		
847	11764	Cabbage, Trey	LAA	OF	744.52	688	750		8		
848	7183	Carrasco, Carlos	NYM	P	744.55	661	705		3		
849	11927	Salinas, Royber	OAK	P	744.64	679	750		8		
850	10281	Gonzalez, Marcos	CLE	UT	744.67	598	695		2		
851	11397	Leonard, Eddys	DET	SS	744.7	619	747		3		
852	11976	Robberse, Sem	STL	P	744.73	544	544		1		
853	11910	Ryan, River	LAD	P	744.79	644	653		2		
854	11036	Trejo, Alan	COL	2B, 3B	745	553	553		1		
855	8349	Segura, Jean	CLE	3B	745.06	636	670		2		
856	9292	Stratton, Chris	KC	P	745.36	602	714		2		
857	11744	Brzykcy, Zach	WAS	P	745.36	676	741		4		
858	8681	Syndergaard, Noah	CLE	P	745.45	669	724		4		
859	11836	Cecconi, Slade	ARZ	P	745.45	684	736		4		
860	10325	Weathers, Ryan	MIA	P	745.61	652	743		5		
861	11914	Romo, Drew	FA	C	745.64	686	742		7		
862	8921	Coulombe, Danny	BAL	P	745.64	653	750		9		
863	12035	Chandler, Bubba	PIT	P	745.67	616	743		3		
864	10247	Rodriguez, Johnathan	CLE	OF	745.73	631	697		2		
865	11731	Varland, Gus	LAD	P	745.76	578	578		1		
866	11815	Waldron, Matt	SD	P	745.79	707	739		5		
867	9548	Mejia, Francisco	TB	C	745.91	630	748		5		
868	11501	Sosa, Lenyn	CWS	2B	746	652	733		3		
869	11691	Basabe, Osleivis	TB	SS	746.03	688	747		5		
870	11414	Stowers, Kyle	BAL	OF	746.06	675	749		4		
871	8982	Castro, Miguel	ARZ	P	746.09	649	691		2		
872	11682	Pages, Andy	LAD	OF	746.12	590	590		1		
873	9173	Lopez, Jorge	NYM	P	746.3	617	730		2		
874	11026	Fletcher, Dominic	ARZ	OF	746.33	694	709		3		
875	11861	Vodnik, Victor	COL	P	746.36	664	685		2		
876	11808	Bido, Osvaldo	OAK	P	746.39	652	747		4		
877	11989	Camargo, Jair	MIN	C	746.58	615	741		2		
878	10848	Shewmake, Braden	CWS	SS	746.73	657	750		5		
879	9986	Schreiber, John	BOS	P	746.73	681	737		4		
880	10505	Kieboom, Carter	WAS	3B	746.73	690	748		5		
881	10082	Wilson, Bryse	MLW	P	746.79	626	737		2		
882	10306	Gonzalez, Oscar	NYY	OF	746.82	616	748		2		
883	11162	O'Brien, Riley	STL	P	746.85	644	721		2		
884	7535	Hicks, Aaron	LAA	OF	746.88	692	717		3		
885	10245	Bart, Joey	SF	C	746.91	702	711		3		
886	10629	Plesac, Zach	LAA	P	746.97	665	745		3		
887	11933	Lowder, Rhett	CIN	P	746.97	662	750		4		
888	11157	Gomez, Yoendrys	NYY	P	747.03	627	744		2		
889	12025	Blubaugh, A.J.	HOU	P	747.09	679	694		2		
890	11495	Delay, Jason	PIT	C	747.09	645	728		2		
891	8481	Brasier, Ryan	LAD	P	747.09	704	747		4		
892	8469	Cisnero, Jose	DET	P	747.15	624	624		1		
893	9669	Slater, Austin	SF	OF	747.24	686	750		4		
894	10869	Shenton, Austin	TB	UT	747.39	671	712		2		
895	8471	Grossman, Robbie	TEX	OF	747.45	648	737		2		
896	11058	Knack, Landon	LAD	P	747.45	634	634		1		
897	8863	Chafin, Andrew	DET	P	747.55	701	743		5		
898	11130	Francis, Bowden	TOR	P	747.58	665	749		3		
899	11553	Estrada, Jeremiah	SD	P	747.76	688	748		4		
900	9678	Woodruff, Brandon	MLW	P	747.76	685	710		2		
901	8295	Calhoun, Kole	CLE	1B	747.76	644	644		1		
902	11141	Johnson, Seth	BAL	P	747.82	670	727		2		
903	11429	Brieske, Beau	DET	P	747.85	647	647		1		
904	9251	Cave, Jake	PHI	OF	747.88	684	715		2		
905	11598	Graceffo, Gordon	STL	P	747.91	649	649		1		
906	11080	Toglia, Michael	COL	1B	747.97	693	709		2		
907	10776	Short, Zack	NYM	2B, 3B, SS	747.97	651	651		1		
908	11850	Funderburk, Kody	MIN	P	748	704	731		3		
909	10752	Sanchez, Ali	PIT	UT	748.09	655	655		1		
910	9484	Voth, Austin	SEA	P	748.12	656	656		1		
911	7279	Donaldson, Josh	MLW	3B	748.12	658	749		2		
912	10411	Patino, Luis	SD	P	748.21	714	736		4		
913	10060	Festa, Matt	SEA	P	748.21	659	659		1		
914	8960	Lively, Ben	CLE	P	748.24	707	731		3		
915	11841	Lopez, Jacob	TB	P	748.33	670	744		2		
916	10459	Tate, Dillon	BAL	P	748.36	671	744		2		
917	10012	Martinez, J.P.	ATL	OF	748.36	696	738		3		
918	11773	Brito, Juan	CLE	2B	748.39	678	748		3		
919	10769	Cleavinger, Garrett	TB	P	748.48	668	668		1		
920	11493	Bird, Jake	COL	P	748.48	668	668		1		
921	11842	Meckler, Wade	SF	OF	748.52	696	724		2		
922	11789	Fry, David	CLE	C	748.55	712	744		4		
923	7335	Brantley, Michael	HOU	OF	748.64	704	720		2		
924	10688	Speier, Gabe	SEA	P	748.64	673	673		1		
925	10389	Cartaya, Diego	LAD	C	748.67	674	674		1		
926	10977	Rutledge, Jackson	WAS	P	748.67	697	728		2		
927	9589	Milner, Hoby	MLW	P	748.76	677	677		1		
928	11937	Ford, Harry	SEA	C	748.79	687	742		2		
929	11038	Gonzales, Nick	PIT	2B	748.82	679	679		1		
930	10398	Amaya, Jacob	MIA	SS	748.82	716	742		3		
931	9230	Fletcher, David	ATL	SS	748.91	682	682		1		
932	10476	Brubaker, JT	PIT	P	748.91	682	682		1		
933	8217	Wong, Kolten	LAD	2B	748.94	685	749		2		
934	11090	Paris, Kyren	LAA	SS	748.94	683	683		1		
935	10184	Garcia, Deivi	CWS	P	748.94	683	683		1		
936	11821	Palencia, Daniel	CHC	P	748.94	683	683		1		
937	10326	Hentges, Sam	CLE	P	749.06	708	748		3		
938	12010	Nunez, Nasim	WAS	SS	749.09	702	737		2		
939	8747	Barnhart, Tucker	CHC	C	749.09	688	688		1		
940	12033	Hence, Tink	STL	P	749.12	722	743		3		
941	11779	Feduccia, Hunter	LAD	C	749.18	713	750		3		
942	8023	Myers, Wil	CIN	OF	749.24	693	693		1		
943	7627	Hudson, Daniel	LAD	P	749.24	704	740		2		
944	9951	Richards, Trevor	TOR	P	749.24	721	723		2		
945	11019	Brogdon, Connor	PHI	P	749.27	694	694		1		
946	12015	Hamel, Dominic	NYM	P	749.27	696	749		2		
947	11796	Bachman, Sam	LAA	P	749.33	718	729		2		
948	8542	Garcia, Luis	LAA	P	749.33	696	696		1		
949	10933	Bubic, Kris	KC	P	749.33	696	696		1		
950	10217	Anderson, Ian	ATL	P	749.39	698	698		1		
951	11858	Little, Luke	CHC	P	749.42	706	744		2		
952	10929	Nelson, Kyle	ARZ	P	749.45	700	700		1		
953	8963	Jackson, Alex	MLW	UT	749.48	709	743		2		
954	11729	Kelly, Kevin	TB	P	749.48	706	746		2		
955	10078	Newman, Kevin	CIN	3B	749.52	702	702		1		
956	9985	Zavala, Seby	SEA	C	749.55	724	730		2		
957	12029	Champlain, Chandler	KC	P	749.61	730	740		3		
958	8228	Profar, Jurickson	SD	OF	749.73	727	733		2		
959	10825	Barrero, Jose	CIN	SS	749.73	732	750		4		
960	11445	Jackson, Zach	OAK	P	749.73	718	742		2		
961	10892	Oviedo, Johan	PIT	P	749.73	709	709		1		
962	9461	Mancini, Trey	CHC	1B	749.73	709	709		1		
963	9677	Maton, Phil	HOU	P	749.79	711	711		1		
964	10520	Call, Alex	WAS	OF	749.82	712	712		1		
965	10064	Hudson, Dakota	COL	P	749.85	713	713		1		
966	11997	Maldonado, Anthony	MIA	P	749.85	713	713		1		
967	9532	Middleton, Keynan	NYY	P	749.88	732	746		3		
968	8663	Dozier, Hunter	KC	3B	749.94	716	716		1		
969	11589	Harris, Dustin	TEX	OF	749.94	722	745		2		
970	11706	Rom, Drew	STL	P	749.94	716	716		1		
971	9869	Perez, Cionel	BAL	P	749.97	718	750		2		
972	11950	McGeary, Haydn	CHC	1B	749.97	717	717		1		
973	9342	Devenski, Chris	TB	P	750	718	718		1		
974	9777	Kingery, Scott	PHI	UT	750.06	731	740		2		
975	10154	Thompson, Bubba	MIN	OF	750.09	721	721		1		
976	8170	Hendriks, Liam	CWS	P	750.09	721	721		1		
977	10406	Alcantara, Kevin	CHC	OF	750.12	730	743		2		
978	11410	White, Colby	TB	P	750.12	722	722		1		
979	10098	Reyes, Pablo	BOS	2B, SS	750.12	722	722		1		
980	10172	Pache, Cristian	PHI	OF	750.15	723	723		1		
981	8222	Sano, Miguel	MIN	UT	750.18	724	724		1		
982	12030	Rodriguez, Hector	CIN	OF	750.18	724	724		1		
983	11945	Teodo, Emiliano	TEX	P	750.18	728	747		2		
984	9817	Whitley, Forrest	HOU	P	750.18	733	749		3		
985	11172	Zerpa, Angel	KC	P	750.18	724	724		1		
986	11113	Hinds, Rece	CIN	SS	750.24	736	748		3		
987	9130	McGough, Scott	ARZ	P	750.24	726	726		1		
988	9960	Borucki, Ryan	PIT	P	750.27	727	727		1		
989	9339	Mayza, Tim	TOR	P	750.3	728	728		1		
990	11969	Herz, DJ	WAS	P	750.3	741	746		3		
991	11282	Feltner, Ryan	COL	P	750.33	729	729		1		
992	11656	Clase, Jonatan	SEA	OF	750.33	729	729		1		
993	11936	Takahashi, Kona	FA	P	750.39	731	731		1		
994	11046	Hassell, Robert	SD	OF	750.42	732	732		1		
995	10368	Severino, Yunior	MIN	3B	750.45	733	733		1		
996	9295	Marquez, German	COL	P	750.48	734	734		1		
997	11444	Banks, Tanner	CWS	P	750.52	735	735		1		
998	10093	Wright, Kyle	KC	P	750.52	741	745		2		
999	11659	Rodriguez, Jose	CWS	2B	750.52	742	744		2		
1000	12026	Birdsong, Hayden	SF	P	750.55	736	736		1		
1001	12032	Aleman, Franco	CLE	P	750.55	736	736		1		
1002	11288	Heasley, Jonathan	BAL	P	750.58	737	737		1		
1003	10621	Walsh, Jared	LAA	1B	750.58	737	737		1		
1004	11376	Smith-Njigba, Canaan	PIT	OF	750.58	737	737		1		
1005	10983	Barlow, Joe	KC	P	750.58	737	737		1		
1006	11015	Hall, Darick	PHI	1B	750.58	737	737		1		
1007	8494	Thielbar, Caleb	MIN	P	750.61	738	738		1		
1008	11926	House, Brady	WAS	3B	750.61	738	738		1		
1009	8213	Singleton, Jon	HOU	1B	750.64	739	739		1		
1010	11854	Spiers, Carson	CIN	P	750.64	739	739		1		
1011	9457	Williams, Trevor	WAS	P	750.67	740	740		1		
1012	9562	Vargas, Ildemaro	WAS	3B	750.67	740	740		1		
1013	8083	Carpenter, Matt	STL	UT	750.7	741	741		1		
1014	11640	Taylor, Samad	KC	OF	750.7	741	741		1		
1015	10339	Trammell, Taylor	SEA	OF	750.7	741	741		1		
1016	8716	Jackson, Luke	SF	P	750.76	743	743		1		
1017	8929	Refsnyder, Rob	BOS	OF	750.76	743	743		1		
1018	10484	Gibaut, Ian	CIN	P	750.85	746	746		1		
1019	12034	Crim, Blaine	TEX	1B	750.88	747	747		1		
1020	11869	Nicolas, Kyle	PIT	P	750.91	748	748		1		
1021	11134	Canterino, Matt	MIN	P	750.94	749	749		1		
1022	11949	Salas, Ethan	SD	C	750.94	749	749		1		
1023	11292	Coleman, Dylan	HOU	P	750.94	749	749		1		
1024	11200	Ward, Thaddeus	WAS	P	750.94	749	749		1		
1025	9622	Anderson, Brian	MLW	3B, OF	750.97	750	750		1		
1026	10683	Haggerty, Sam	SEA	OF	750.97	750	750		1		
1027	11276	Gonzalez, Romy	CWS	2B	750.97	750	750		1		
